2025-01-09T23:31:19.696Z, 26
2025-01-09T23:31:22.097Z, 26
2025-01-09T23:31:24.553Z, 61
2025-01-09T23:31:26.861Z, 61
2025-01-09T23:31:29.272Z, 79
2025-01-09T23:31:31.626Z, 79
2025-01-09T23:31:34.379Z, 41
2025-01-09T23:31:36.463Z, 41
2025-01-09T23:40:13.031Z, 25
2025-01-09T23:40:18.291Z, 25
2025-01-09T23:40:23.561Z, 25
2025-01-09T23:40:28.442Z, 25
2025-01-09T23:40:33.562Z, 25
2025-01-09T23:40:50.030Z, 25
2025-01-09T23:40:55.997Z, 25
2025-01-09T23:41:02.111Z, 25
2025-01-09T23:41:09.445Z, 25
2025-01-09T23:41:15.022Z, 25
2025-01-09T23:41:28.692Z, 25
2025-01-09T23:41:28.693Z, 25
2025-01-09T23:41:38.621Z, 25
2025-01-09T23:41:53.822Z, 25
2025-01-09T23:42:01.951Z, 25
2025-01-09T23:42:09.097Z, 25
2025-01-09T23:42:14.446Z, 25
2025-01-09T23:42:19.895Z, 25
2025-01-09T23:43:05.930Z, 25
2025-01-10T16:49:31.558Z, 25
2025-01-11T18:11:14.870Z, 25
2025-01-17T16:07:52.760Z, 25
2025-01-17T16:08:32.269Z, 25
2025-01-17T16:08:35.592Z, 25
2025-01-17T16:08:39.301Z, 25
2025-01-17T16:08:42.340Z, 25
2025-01-17T16:08:45.546Z, 25
2025-01-17T16:08:48.755Z, 25
2025-01-17T16:08:51.945Z, 25
2025-01-17T16:08:54.582Z, 25
2025-01-17T16:08:57.193Z, 25
2025-01-17T16:08:59.871Z, 25
2025-01-17T16:09:02.848Z, 25
2025-01-17T16:09:05.924Z, 25
2025-01-17T16:09:09.650Z, 25
2025-01-17T16:09:14.393Z, 25
2025-01-17T16:09:20.738Z, 25
2025-01-17T16:09:27.036Z, 25
2025-01-17T16:09:30.179Z, 25
2025-01-17T16:09:32.769Z, 25
2025-01-17T16:09:35.500Z, 25
2025-01-17T16:09:38.459Z, 25
2025-01-17T16:09:40.974Z, 25
2025-01-17T16:09:43.788Z, 25
2025-01-17T16:09:46.415Z, 25
2025-01-17T16:09:49.319Z, 25
2025-01-17T16:09:52.234Z, 25
2025-01-17T16:09:54.964Z, 25
2025-01-17T16:09:57.732Z, 25
2025-01-17T16:10:00.642Z, 25
2025-01-17T16:10:03.167Z, 25
2025-01-17T16:10:05.761Z, 25
2025-01-17T16:10:08.287Z, 25
2025-01-17T16:10:10.858Z, 25
2025-01-17T16:10:13.396Z, 25
2025-01-17T16:10:15.989Z, 25
2025-01-17T16:10:18.652Z, 25
2025-01-17T16:10:21.382Z, 25
2025-01-17T16:10:23.608Z, 25
2025-01-17T16:10:26.592Z, 25
2025-01-17T16:10:29.409Z, 25
2025-01-17T16:10:32.037Z, 25
2025-01-17T16:10:34.486Z, 25
2025-01-17T16:10:37.103Z, 25
2025-01-17T16:10:39.578Z, 25
2025-01-17T16:10:42.321Z, 25
2025-01-17T16:10:45.193Z, 25
2025-01-17T16:10:49.067Z, 25
2025-01-17T16:10:54.300Z, 25
2025-01-17T16:11:00.967Z, 25
2025-01-17T16:11:08.510Z, 25
2025-01-17T16:11:12.912Z, 25
2025-01-17T16:11:16.673Z, 25
2025-01-17T16:11:21.300Z, 25
2025-01-17T16:11:28.380Z, 25
2025-01-17T16:11:36.997Z, 25
2025-01-17T16:11:45.625Z, 25
2025-01-17T16:11:53.947Z, 25
2025-01-17T16:11:59.372Z, 25
2025-01-17T16:12:06.597Z, 25
2025-01-17T16:12:13.842Z, 25
2025-01-17T16:12:17.762Z, 25
2025-01-17T16:12:23.187Z, 25
2025-01-17T16:12:27.590Z, 25
2025-01-17T16:12:31.325Z, 25
2025-01-17T16:12:34.583Z, 25
2025-01-17T16:12:37.861Z, 25
2025-01-17T16:12:41.323Z, 25
2025-01-17T16:12:44.637Z, 25
2025-01-17T16:12:48.137Z, 25
2025-01-17T16:12:51.288Z, 25
2025-01-17T16:12:54.766Z, 25
2025-01-17T16:12:58.105Z, 25
2025-01-17T16:13:01.046Z, 25
2025-01-17T16:13:03.502Z, 25
2025-01-17T16:13:06.637Z, 25
2025-01-17T16:13:09.364Z, 25
2025-01-17T16:13:12.569Z, 25
2025-01-17T16:13:15.579Z, 25
2025-01-17T16:13:19.073Z, 25
2025-01-17T16:13:21.784Z, 25
2025-01-17T16:13:24.605Z, 25
2025-01-17T16:13:27.399Z, 25
2025-01-17T16:13:30.246Z, 25
2025-01-17T16:13:38.091Z, 25
2025-01-17T16:13:38.367Z, 25
2025-01-17T16:13:40.459Z, 25
2025-01-17T16:13:44.642Z, 25
2025-01-17T16:13:49.604Z, 25
2025-01-17T16:13:55.305Z, 25
2025-01-17T16:14:01.191Z, 25
2025-01-17T16:14:07.916Z, 25
2025-01-17T16:14:12.951Z, 25
2025-01-17T16:14:17.707Z, 25
2025-01-17T16:14:24.393Z, 25
2025-01-17T16:14:29.683Z, 25
2025-01-17T16:14:35.019Z, 25
2025-01-17T16:14:40.836Z, 25
2025-01-17T16:14:46.047Z, 25
2025-01-17T16:14:54.667Z, 25
2025-01-17T16:15:01.299Z, 25
2025-01-17T16:15:08.055Z, 25
2025-01-17T16:15:17.032Z, 25
2025-01-17T16:15:27.020Z, 25
2025-01-17T16:15:35.045Z, 25
2025-01-17T16:15:42.891Z, 25
2025-01-17T16:15:51.173Z, 25
2025-01-17T16:16:00.769Z, 25
2025-01-17T16:16:08.589Z, 25
2025-01-17T16:16:17.874Z, 25
2025-01-17T16:16:25.516Z, 25
2025-01-17T16:16:32.650Z, 25
2025-01-17T16:16:39.132Z, 25
2025-01-17T16:16:45.519Z, 25
2025-01-17T16:16:52.051Z, 25
2025-01-17T16:16:57.774Z, 25
2025-01-17T16:17:02.942Z, 25
2025-01-17T16:17:08.566Z, 25
2025-01-17T16:17:14.784Z, 25
2025-01-17T16:17:25.351Z, 25
2025-01-17T16:17:37.008Z, 25
2025-01-17T16:17:47.565Z, 25
2025-01-17T16:17:57.492Z, 25
2025-01-17T16:18:08.704Z, 25
2025-01-17T16:18:21.041Z, 25
2025-01-17T16:18:33.351Z, 25
2025-01-17T16:18:42.350Z, 25
2025-01-17T16:18:52.737Z, 25
2025-01-17T16:19:05.709Z, 25
2025-01-17T16:19:16.049Z, 25
2025-01-17T16:19:25.852Z, 25
2025-01-17T16:19:37.220Z, 25
2025-01-17T16:19:46.956Z, 25
2025-01-17T16:19:54.522Z, 25
2025-01-17T16:20:01.488Z, 25
2025-01-17T16:20:07.357Z, 25
2025-01-17T16:20:13.407Z, 25
2025-01-17T16:20:20.356Z, 25
2025-01-17T16:20:27.092Z, 25
2025-01-17T16:20:34.890Z, 25
2025-01-17T16:20:41.776Z, 25
2025-01-17T16:20:48.306Z, 25
2025-01-17T16:20:54.553Z, 25
2025-01-17T16:21:01.484Z, 25
2025-01-17T16:21:07.958Z, 25
2025-01-17T16:21:15.004Z, 25
2025-01-17T16:21:22.084Z, 25
2025-01-17T16:21:28.844Z, 25
2025-01-17T16:21:36.054Z, 25
2025-01-17T16:21:43.477Z, 25
2025-01-17T16:21:50.338Z, 25
2025-01-17T16:21:58.322Z, 25
2025-01-17T16:22:05.854Z, 25
2025-01-17T16:22:13.689Z, 25
2025-01-17T16:22:21.719Z, 25
2025-01-17T16:22:28.502Z, 25
2025-01-17T16:22:37.388Z, 25
2025-01-17T16:22:45.555Z, 25
2025-01-17T16:22:53.437Z, 25
2025-01-17T16:23:01.554Z, 25
2025-01-17T16:23:08.502Z, 25
2025-01-17T16:23:15.941Z, 25
2025-01-17T16:23:24.021Z, 25
2025-01-17T16:23:31.272Z, 25
2025-01-17T16:23:37.237Z, 25
2025-01-17T16:23:43.818Z, 25
2025-01-17T16:23:50.621Z, 25
2025-01-17T16:24:02.100Z, 25
2025-01-17T16:24:11.972Z, 25
2025-01-17T16:24:19.537Z, 25
2025-01-17T16:24:25.170Z, 25
2025-01-17T16:24:31.566Z, 25
2025-01-17T16:24:37.788Z, 25
2025-01-17T16:24:44.385Z, 25
2025-01-17T16:24:50.651Z, 25
2025-01-17T16:24:55.734Z, 25
2025-01-17T16:25:00.168Z, 25
2025-01-17T16:25:04.993Z, 25
2025-01-17T16:25:09.523Z, 25
2025-01-17T16:25:14.573Z, 25
2025-01-17T16:25:19.917Z, 25
2025-01-17T16:25:24.576Z, 25
2025-01-17T16:25:28.984Z, 25
2025-01-17T16:25:34.086Z, 25
2025-01-17T16:25:39.607Z, 25
2025-01-17T16:25:48.393Z, 25
2025-01-17T16:25:54.668Z, 25
2025-01-17T16:26:00.352Z, 25
2025-01-17T16:26:06.951Z, 25
2025-01-17T16:26:12.844Z, 25
2025-01-17T16:26:19.057Z, 25
2025-01-17T16:26:33.196Z, 25
2025-01-17T16:26:34.628Z, 25
2025-01-17T16:26:42.148Z, 25
2025-01-17T16:26:49.936Z, 25
2025-01-17T16:26:57.702Z, 25
2025-01-17T16:27:04.819Z, 25
2025-01-17T16:27:11.222Z, 25
2025-01-17T16:27:17.125Z, 25
2025-01-17T16:27:23.137Z, 25
2025-01-17T16:27:28.927Z, 25
2025-01-17T16:27:34.643Z, 25
2025-01-17T16:27:41.390Z, 25
2025-01-17T16:27:47.370Z, 25
2025-01-17T16:27:53.652Z, 25
2025-01-17T16:28:00.420Z, 25
2025-01-17T16:28:05.724Z, 25
2025-01-17T16:28:11.539Z, 25
2025-01-17T16:28:16.937Z, 25
2025-01-17T16:28:23.494Z, 25
2025-01-17T16:28:29.171Z, 25
2025-01-17T16:28:36.601Z, 25
2025-01-17T16:28:41.169Z, 25
2025-01-17T16:28:45.707Z, 25
2025-01-17T16:28:51.420Z, 25
2025-01-17T16:28:54.201Z, 25
2025-01-17T16:29:01.530Z, 25
2025-01-17T16:29:14.135Z, 25
2025-01-17T16:29:21.945Z, 25
2025-01-17T16:29:30.418Z, 25
2025-01-17T16:29:37.533Z, 25
2025-01-17T16:29:46.388Z, 25
2025-01-17T16:29:56.090Z, 25
2025-01-17T16:30:07.865Z, 25
2025-01-17T16:30:13.974Z, 25
2025-01-17T16:30:22.854Z, 25
2025-01-17T16:30:31.618Z, 25
2025-01-17T16:30:38.170Z, 25
2025-01-17T16:30:45.423Z, 25
2025-01-17T16:30:52.488Z, 25
2025-01-17T16:31:00.087Z, 25
2025-01-17T16:31:06.001Z, 25
2025-01-17T16:31:14.995Z, 25
2025-01-17T16:31:20.718Z, 25
2025-01-17T16:31:26.541Z, 25
2025-01-17T16:31:32.937Z, 25
2025-01-17T16:31:38.986Z, 25
2025-01-17T16:31:47.638Z, 25
2025-01-17T16:31:55.652Z, 25
2025-01-17T16:32:01.768Z, 25
2025-01-17T16:32:07.967Z, 25
2025-01-17T16:32:14.236Z, 25
2025-01-17T16:32:20.184Z, 25
2025-01-17T16:32:26.318Z, 25
2025-01-17T16:32:31.500Z, 25
2025-01-17T16:32:37.166Z, 25
2025-01-17T16:32:43.485Z, 25
2025-01-17T16:32:51.724Z, 25
2025-01-17T16:33:02.623Z, 25
2025-01-17T16:33:12.537Z, 25
2025-01-17T16:33:22.492Z, 25
2025-01-17T16:33:34.042Z, 25
2025-01-17T16:33:40.053Z, 25
2025-01-17T16:33:45.924Z, 25
2025-01-17T16:33:50.704Z, 25
2025-01-17T16:33:55.482Z, 25
2025-01-17T16:34:01.423Z, 25
2025-01-17T16:34:07.232Z, 25
2025-01-17T16:34:11.716Z, 25
2025-01-17T16:34:16.274Z, 25
2025-01-17T16:34:20.685Z, 25
2025-01-17T16:34:25.318Z, 25
2025-01-17T16:34:30.654Z, 25
2025-01-17T16:34:37.749Z, 25
2025-01-17T16:34:43.525Z, 25
2025-01-17T16:34:51.785Z, 25
2025-01-17T16:35:01.770Z, 25
2025-01-17T16:35:12.281Z, 25
2025-01-17T16:35:22.682Z, 25
2025-01-17T16:35:35.636Z, 25
2025-01-17T16:35:47.571Z, 25
2025-01-17T16:35:59.133Z, 25
2025-01-17T16:36:10.905Z, 25
2025-01-17T16:36:19.090Z, 25
2025-01-17T16:36:28.863Z, 25
2025-01-17T16:36:35.690Z, 25
2025-01-17T16:36:44.522Z, 25
2025-01-17T16:36:53.433Z, 25
2025-01-17T16:36:57.987Z, 25
2025-01-17T16:37:02.199Z, 25
2025-01-17T16:37:07.371Z, 25
2025-01-17T16:37:12.867Z, 25
2025-01-17T16:37:20.135Z, 25
2025-01-17T16:37:25.643Z, 25
2025-01-17T16:37:31.077Z, 25
2025-01-17T16:37:35.737Z, 25
2025-01-17T16:37:42.026Z, 25
2025-01-17T16:37:50.433Z, 40
2025-01-17T16:37:53.001Z, 40
2025-01-17T16:37:56.309Z, 40
2025-01-17T16:37:58.747Z, 40
2025-01-17T16:38:01.765Z, 25
2025-01-17T16:38:05.007Z, 40
2025-01-17T16:38:06.983Z, 40
2025-01-17T16:38:11.132Z, 25
2025-01-17T16:38:26.415Z, 25
2025-01-17T16:38:34.448Z, 25
2025-01-17T16:38:44.402Z, 25
2025-01-17T16:38:54.653Z, 25
2025-01-17T16:39:06.737Z, 25
2025-01-17T16:39:16.313Z, 25
2025-01-17T16:39:28.941Z, 25
2025-01-17T16:39:36.719Z, 25
2025-01-17T16:39:51.608Z, 25
2025-01-17T16:40:03.551Z, 25
2025-01-17T16:40:08.867Z, 25
2025-01-17T16:40:19.391Z, 25
2025-01-17T16:40:28.607Z, 25
2025-01-17T16:40:38.664Z, 25
2025-01-17T16:40:48.165Z, 25
2025-01-17T16:40:56.720Z, 25
2025-01-17T16:41:04.991Z, 25
2025-01-17T16:41:17.896Z, 25
2025-01-17T16:41:20.356Z, 25
2025-01-17T16:41:34.450Z, 25
2025-01-17T16:41:46.120Z, 25
2025-01-17T16:41:54.366Z, 25
2025-01-17T16:42:02.081Z, 25
2025-01-17T16:42:07.195Z, 25
2025-01-17T16:42:15.562Z, 25
2025-01-17T16:42:21.200Z, 25
2025-01-17T16:42:26.525Z, 25
2025-01-17T16:42:31.001Z, 25
2025-01-17T16:42:37.129Z, 25
2025-01-17T16:42:41.637Z, 25
2025-01-17T16:42:46.782Z, 25
2025-01-17T16:42:51.217Z, 25
2025-01-17T16:42:55.402Z, 25
2025-01-17T16:42:59.179Z, 25
2025-01-17T16:43:02.664Z, 25
2025-01-17T16:43:06.947Z, 25
2025-01-17T16:43:11.009Z, 25
2025-01-17T16:43:15.569Z, 25
2025-01-17T16:43:19.861Z, 25
2025-01-17T16:43:24.175Z, 25
2025-01-17T16:43:27.427Z, 25
2025-01-17T16:43:30.431Z, 25
2025-01-17T16:43:32.904Z, 25
2025-01-17T16:43:36.323Z, 25
2025-01-17T16:43:38.949Z, 25
2025-01-17T16:43:47.090Z, 25
2025-01-17T16:43:47.313Z, 25
2025-01-17T16:43:49.307Z, 25
2025-01-17T16:43:51.643Z, 25
2025-01-17T16:43:55.804Z, 25
2025-01-17T16:43:58.283Z, 25
2025-01-17T16:44:01.414Z, 25
2025-01-17T16:44:04.172Z, 25
2025-01-17T16:44:07.222Z, 25
2025-01-17T16:44:09.811Z, 25
2025-01-17T16:44:12.530Z, 25
2025-01-17T16:44:15.324Z, 25
2025-01-17T16:44:18.309Z, 25
2025-01-17T16:44:21.417Z, 25
2025-01-17T16:44:26.004Z, 25
2025-01-17T16:44:29.108Z, 25
2025-01-17T16:44:31.991Z, 25
2025-01-17T16:44:34.762Z, 25
2025-01-17T16:44:39.445Z, 25
2025-01-17T16:44:43.393Z, 25
2025-01-17T16:44:47.724Z, 25
2025-01-17T16:44:53.327Z, 25
2025-01-17T16:44:58.977Z, 25
2025-01-17T16:45:03.103Z, 25
2025-01-17T16:45:10.349Z, 25
2025-01-17T16:45:14.890Z, 25
2025-01-17T16:45:18.992Z, 25
2025-01-17T16:45:22.815Z, 25
2025-01-17T16:45:27.852Z, 25
2025-01-17T16:45:31.383Z, 25
2025-01-17T16:45:35.495Z, 25
2025-01-17T16:45:39.493Z, 25
2025-01-17T16:45:43.546Z, 25
2025-01-17T16:45:47.478Z, 25
2025-01-17T16:45:53.921Z, 25
2025-01-17T16:46:48.372Z, 25
2025-01-17T16:46:58.940Z, 25
2025-01-17T16:47:03.887Z, 25
2025-01-17T16:47:08.373Z, 25
2025-01-17T16:47:14.093Z, 25
2025-01-17T16:47:19.055Z, 25
2025-01-17T16:47:28.893Z, 25
2025-01-17T16:47:36.248Z, 25
2025-01-17T16:47:45.066Z, 25
2025-01-17T16:47:53.500Z, 25
2025-01-17T16:48:00.450Z, 25
2025-01-17T16:48:07.048Z, 25
2025-01-17T16:48:14.121Z, 25
2025-01-17T16:48:23.272Z, 25
2025-01-17T16:48:30.411Z, 25
2025-01-17T16:48:35.399Z, 25
2025-01-17T16:48:43.477Z, 25
2025-01-17T16:48:51.186Z, 25
2025-01-17T16:48:55.011Z, 25
2025-01-17T16:49:03.032Z, 25
2025-01-17T16:49:12.359Z, 25
2025-01-17T16:49:19.454Z, 25
2025-01-17T16:49:24.959Z, 25
2025-01-17T16:49:36.517Z, 25
2025-01-17T16:49:39.951Z, 25
2025-01-17T16:49:43.466Z, 25
2025-01-17T16:49:47.092Z, 25
2025-01-17T16:49:52.608Z, 25
2025-01-17T16:49:59.185Z, 25
2025-01-17T16:50:09.575Z, 25
2025-01-17T16:50:16.072Z, 25
2025-01-17T16:50:21.140Z, 25
2025-01-17T16:50:26.824Z, 25
2025-01-17T16:50:31.090Z, 25
2025-01-17T16:50:35.051Z, 25
2025-01-17T16:50:38.743Z, 25
2025-01-17T16:50:42.671Z, 25
2025-01-17T16:50:48.258Z, 25
2025-01-17T16:50:52.301Z, 25
2025-01-17T16:50:56.231Z, 25
2025-01-17T16:50:59.491Z, 25
2025-01-17T16:51:02.972Z, 25
2025-01-17T16:51:05.991Z, 25
2025-01-17T16:51:09.376Z, 25
2025-01-17T16:51:13.274Z, 25
2025-01-17T16:51:16.685Z, 25
2025-01-17T16:51:21.891Z, 25
2025-01-17T16:51:29.758Z, 25
2025-01-17T16:51:34.116Z, 25
2025-01-17T16:51:38.009Z, 25
2025-01-17T16:51:41.418Z, 25
2025-01-17T16:51:44.798Z, 25
2025-01-17T16:51:48.245Z, 25
2025-01-17T16:51:51.403Z, 25
2025-01-17T16:51:54.862Z, 25
2025-01-17T16:52:01.445Z, 25
2025-01-17T16:52:05.154Z, 25
2025-01-17T16:52:09.932Z, 25
2025-01-17T16:52:14.012Z, 25
2025-01-17T16:52:18.110Z, 25
2025-01-17T16:52:20.784Z, 25
2025-01-17T16:52:25.276Z, 25
2025-01-17T16:52:30.503Z, 25
2025-01-17T16:52:42.004Z, 25
2025-01-17T16:52:52.335Z, 25
2025-01-17T16:52:59.752Z, 25
2025-01-17T16:53:05.867Z, 25
2025-01-17T16:53:11.887Z, 25
2025-01-17T16:53:17.232Z, 25
2025-01-17T16:53:22.850Z, 25
2025-01-17T16:53:29.159Z, 25
2025-01-17T16:53:38.610Z, 25
2025-01-17T16:53:47.867Z, 25
2025-01-17T16:53:53.502Z, 25
2025-01-17T16:53:58.044Z, 25
2025-01-17T16:54:05.055Z, 25
2025-01-17T16:54:13.249Z, 25
2025-01-17T16:54:18.032Z, 25
2025-01-17T16:54:23.662Z, 25
2025-01-17T16:54:30.211Z, 25
2025-01-17T16:54:38.684Z, 25
2025-01-17T16:54:47.301Z, 25
2025-01-17T16:54:55.288Z, 25
2025-01-17T16:55:03.068Z, 25
2025-01-17T16:55:11.186Z, 25
2025-01-17T16:55:18.978Z, 25
2025-01-17T16:55:22.794Z, 25
2025-01-17T16:55:26.208Z, 25
2025-01-17T16:55:30.756Z, 25
2025-01-17T16:55:35.900Z, 25
2025-01-17T16:55:41.380Z, 25
2025-01-17T16:55:45.742Z, 25
2025-01-17T16:55:50.644Z, 25
2025-01-17T16:55:54.300Z, 25
2025-01-17T16:55:58.392Z, 25
2025-01-17T16:56:06.515Z, 25
2025-01-17T16:56:13.513Z, 25
2025-01-17T16:56:20.137Z, 25
2025-01-17T16:56:25.777Z, 25
2025-01-17T16:56:29.196Z, 25
2025-01-17T16:56:32.966Z, 25
2025-01-17T16:56:37.175Z, 25
2025-01-17T16:56:41.695Z, 25
2025-01-17T16:56:45.378Z, 25
2025-01-17T16:56:48.717Z, 25
2025-01-17T16:56:54.011Z, 25
2025-01-17T16:57:01.480Z, 25
2025-01-17T16:57:09.269Z, 25
2025-01-17T16:57:15.361Z, 25
2025-01-17T16:57:20.488Z, 25
2025-01-17T16:57:25.186Z, 25
2025-01-17T16:57:28.646Z, 25
2025-01-17T16:57:32.138Z, 25
2025-01-17T16:57:37.987Z, 25
2025-01-17T16:57:46.785Z, 25
2025-01-17T16:57:53.120Z, 25
2025-01-17T16:57:59.801Z, 25
2025-01-17T16:58:05.444Z, 25
2025-01-17T16:58:11.689Z, 25
2025-01-17T16:58:16.585Z, 25
2025-01-17T16:58:21.587Z, 25
2025-01-17T16:58:26.459Z, 25
2025-01-17T16:58:32.210Z, 25
2025-01-17T16:58:37.263Z, 25
2025-01-17T16:58:42.703Z, 25
2025-01-17T16:58:48.315Z, 25
2025-01-17T16:58:54.807Z, 25
2025-01-17T16:59:02.136Z, 25
2025-01-17T16:59:06.230Z, 25
2025-01-17T16:59:10.641Z, 25
2025-01-17T16:59:15.552Z, 25
2025-01-17T16:59:19.298Z, 25
2025-01-17T16:59:24.179Z, 25
2025-01-17T16:59:27.511Z, 25
2025-01-17T16:59:33.509Z, 25
2025-01-17T16:59:40.690Z, 25
2025-01-17T16:59:45.496Z, 25
2025-01-17T16:59:51.479Z, 25
2025-01-17T16:59:56.064Z, 25
2025-01-17T17:00:00.213Z, 25
2025-01-17T17:00:05.558Z, 25
2025-01-17T17:00:11.042Z, 25
2025-01-17T17:00:16.558Z, 25
2025-01-17T17:00:23.381Z, 25
2025-01-17T17:00:29.650Z, 25
2025-01-17T17:00:33.471Z, 25
2025-01-17T17:00:39.243Z, 25
2025-01-17T17:00:44.702Z, 25
2025-01-17T17:00:47.746Z, 25
2025-01-17T17:00:51.352Z, 25
2025-01-17T17:00:54.027Z, 25
2025-01-17T17:00:57.269Z, 25
2025-01-17T17:01:00.782Z, 25
2025-01-17T17:01:04.726Z, 25
2025-01-17T17:01:08.664Z, 25
2025-01-17T17:01:11.576Z, 25
2025-01-17T17:01:15.756Z, 25
2025-01-17T17:01:18.342Z, 25
2025-01-17T17:01:21.515Z, 25
2025-01-17T17:01:24.721Z, 25
2025-01-17T17:01:28.249Z, 25
2025-01-17T17:01:31.643Z, 25
2025-01-17T17:01:35.094Z, 25
2025-01-17T17:01:38.864Z, 25
2025-01-17T17:01:42.056Z, 25
2025-01-17T17:01:45.080Z, 25
2025-01-17T17:01:47.747Z, 25
2025-01-17T17:01:50.444Z, 25
2025-01-17T17:01:52.975Z, 25
2025-01-17T17:01:55.735Z, 25
2025-01-17T17:01:58.326Z, 25
2025-01-17T17:02:01.657Z, 25
2025-01-17T17:02:04.642Z, 25
2025-01-17T17:02:06.858Z, 25
2025-01-17T17:02:09.327Z, 25
2025-01-17T17:02:12.954Z, 25
2025-01-17T17:02:14.965Z, 25
2025-01-17T17:02:17.483Z, 25
2025-01-17T17:02:20.870Z, 25
2025-01-17T17:02:23.859Z, 25
2025-01-17T17:02:26.557Z, 25
2025-01-17T17:02:29.225Z, 25
2025-01-17T17:02:32.712Z, 25
2025-01-17T17:02:38.807Z, 25
2025-01-17T17:02:45.781Z, 25
2025-01-17T17:02:50.662Z, 25
2025-01-17T17:02:55.010Z, 25
2025-01-17T17:02:59.202Z, 25
2025-01-17T17:03:03.180Z, 25
2025-01-17T17:03:06.838Z, 25
2025-01-17T17:03:10.583Z, 25
2025-01-17T17:03:14.682Z, 25
2025-01-17T17:03:18.058Z, 25
2025-01-17T17:03:33.755Z, 25
2025-01-17T17:03:37.373Z, 25
2025-01-17T17:03:41.350Z, 25
2025-01-17T17:03:45.229Z, 25
2025-01-17T17:03:48.729Z, 25
2025-01-17T17:03:52.746Z, 25
2025-01-17T17:03:56.425Z, 25
2025-01-17T17:04:00.069Z, 25
2025-01-17T17:04:03.995Z, 25
2025-01-17T17:04:08.377Z, 25
2025-01-17T17:04:11.994Z, 25
2025-01-17T17:04:15.566Z, 25
2025-01-17T17:04:19.676Z, 25
2025-01-17T17:04:23.850Z, 25
2025-01-17T17:04:27.568Z, 25
2025-01-17T17:04:30.976Z, 25
2025-01-17T17:04:34.997Z, 25
2025-01-17T17:04:38.872Z, 25
2025-01-17T17:04:42.709Z, 25
2025-01-17T17:04:46.314Z, 25
2025-01-17T17:04:49.776Z, 25
2025-01-17T17:04:53.391Z, 25
2025-01-17T17:04:56.869Z, 25
2025-01-17T17:04:59.895Z, 25
2025-01-17T17:05:03.053Z, 25
2025-01-17T17:05:06.499Z, 25
2025-01-17T17:05:09.513Z, 25
2025-01-17T17:05:12.011Z, 25
2025-01-17T17:05:14.774Z, 25
2025-01-17T17:05:18.850Z, 25
2025-01-17T17:05:22.278Z, 25
2025-01-17T17:05:25.627Z, 25
2025-01-17T17:05:28.887Z, 25
2025-01-17T17:05:32.071Z, 25
2025-01-17T17:05:35.481Z, 25
2025-01-17T17:05:38.973Z, 25
2025-01-17T17:05:42.461Z, 25
2025-01-17T17:05:45.598Z, 25
2025-01-17T17:05:48.702Z, 25
2025-01-17T17:05:51.792Z, 25
2025-01-17T17:05:55.153Z, 25
2025-01-17T17:05:58.820Z, 25
2025-01-17T17:06:02.016Z, 25
2025-01-17T17:06:05.158Z, 25
2025-01-17T17:06:08.962Z, 25
2025-01-17T17:06:14.005Z, 25
2025-01-17T17:06:21.251Z, 25
2025-01-17T17:06:27.523Z, 25
2025-01-17T17:06:32.716Z, 25
2025-01-17T17:06:36.314Z, 25
2025-01-17T17:06:39.990Z, 25
2025-01-17T17:06:43.254Z, 25
2025-01-17T17:06:46.392Z, 25
2025-01-17T17:06:49.548Z, 25
2025-01-17T17:06:52.967Z, 25
2025-01-17T17:06:56.154Z, 25
2025-01-17T17:06:59.566Z, 25
2025-01-17T17:07:02.817Z, 25
2025-01-17T17:07:06.363Z, 25
2025-01-17T17:07:09.421Z, 25
2025-01-17T17:07:12.839Z, 25
2025-01-17T17:07:16.186Z, 25
2025-01-17T17:07:19.718Z, 25
2025-01-17T17:07:23.791Z, 25
2025-01-17T17:07:28.093Z, 25
2025-01-17T17:07:32.511Z, 25
2025-01-17T17:07:35.917Z, 25
2025-01-17T17:07:39.164Z, 25
2025-01-17T17:07:42.790Z, 25
2025-01-17T17:07:46.206Z, 25
2025-01-17T17:07:49.536Z, 25
2025-01-17T17:07:52.596Z, 25
2025-01-17T17:07:56.453Z, 25
2025-01-17T17:07:59.384Z, 25
2025-01-17T17:08:02.553Z, 25
2025-01-17T17:08:05.747Z, 25
2025-01-17T17:08:11.196Z, 25
2025-01-17T17:08:14.243Z, 25
2025-01-17T17:08:17.570Z, 25
2025-01-17T17:08:21.630Z, 25
2025-01-17T17:08:25.658Z, 25
2025-01-17T17:08:28.769Z, 25
2025-01-17T17:08:32.237Z, 25
2025-01-17T17:08:35.616Z, 25
2025-01-17T17:08:39.327Z, 25
2025-01-17T17:08:42.340Z, 25
2025-01-17T17:08:46.245Z, 25
2025-01-17T17:08:49.012Z, 25
2025-01-17T17:08:52.053Z, 25
2025-01-17T17:08:55.460Z, 25
2025-01-17T17:08:58.446Z, 25
2025-01-17T17:09:01.292Z, 25
2025-01-17T17:09:03.723Z, 25
2025-01-17T17:09:06.609Z, 25
2025-01-17T17:09:09.140Z, 25
2025-01-17T17:09:12.136Z, 25
2025-01-17T17:09:15.433Z, 25
2025-01-17T17:09:18.447Z, 25
2025-01-17T17:09:20.140Z, 25
2025-01-17T17:09:22.810Z, 25
2025-01-17T17:09:25.314Z, 25
2025-01-17T17:09:27.918Z, 25
2025-01-17T17:09:31.074Z, 25
2025-01-17T17:09:34.224Z, 25
2025-01-17T17:09:36.627Z, 25
2025-01-17T17:09:39.211Z, 25
2025-01-17T17:09:41.679Z, 25
2025-01-17T17:09:44.394Z, 25
2025-01-17T17:09:46.974Z, 25
2025-01-17T17:09:49.542Z, 25
2025-01-17T17:09:52.071Z, 25
2025-01-17T17:09:54.746Z, 25
2025-01-17T17:09:58.696Z, 25
2025-01-17T17:10:01.342Z, 25
2025-01-17T17:10:04.121Z, 25
2025-01-17T17:10:06.736Z, 25
2025-01-17T17:10:09.860Z, 25
2025-01-17T17:10:13.568Z, 25
2025-01-17T17:10:17.549Z, 25
2025-01-17T17:10:21.129Z, 25
2025-01-17T17:10:25.166Z, 25
2025-01-17T17:10:28.498Z, 25
2025-01-17T17:10:32.346Z, 25
2025-01-17T17:10:36.105Z, 25
2025-01-17T17:10:44.012Z, 25
2025-01-17T17:10:48.796Z, 25
2025-01-17T17:10:54.006Z, 25
2025-01-17T17:10:57.185Z, 25
2025-01-17T17:11:02.363Z, 25
2025-01-17T22:05:36.639Z, 25
2025-01-17T22:05:39.066Z, 25
2025-01-17T22:05:41.592Z, 25
2025-01-17T22:05:43.944Z, 25
2025-01-17T22:05:46.467Z, 25
2025-01-17T22:06:04.864Z, 25
2025-01-17T22:06:15.279Z, 25
2025-01-17T22:09:54.064Z, 25
2025-01-17T22:09:56.787Z, 25
2025-01-17T22:09:59.245Z, 25
2025-01-17T22:10:02.023Z, 25
2025-01-17T22:17:50.060Z, 45.5
2025-01-17T22:22:01.327Z, 45.5
2025-01-17T22:22:04.006Z, 45.5
2025-01-17T22:25:20.448Z, 68
2025-01-17T22:25:22.896Z, 68
2025-01-17T22:27:22.078Z, 35
2025-01-17T23:23:06.296Z, 35
2025-01-17T23:29:04.285Z, 35
2025-01-17T23:29:07.008Z, 35
2025-01-17T23:29:10.731Z, 35
2025-01-17T23:29:14.606Z, 35
2025-01-17T23:29:18.699Z, 35
2025-01-17T23:29:22.056Z, 35
2025-01-17T23:29:25.703Z, 35
2025-01-17T23:29:28.746Z, 35
2025-01-17T23:29:31.543Z, 35
2025-01-17T23:29:34.447Z, 35
2025-01-17T23:32:55.129Z, 35
2025-01-17T23:41:42.261Z, 35
2025-01-17T23:42:47.965Z, 35
2025-01-17T23:42:50.732Z, 35
2025-01-17T23:47:55.208Z, 35
2025-01-17T23:47:57.579Z, 35
2025-01-17T23:48:00.289Z, 35
2025-01-17T23:48:03.078Z, 35
2025-01-17T23:48:06.106Z, 35
2025-01-17T23:48:09.036Z, 35
2025-01-18T00:11:21.687Z, 35
2025-01-18T00:11:25.008Z, 35
2025-01-18T00:11:28.762Z, 35
2025-01-18T00:11:40.999Z, 35
2025-01-18T00:15:18.614Z, 35
2025-01-18T00:19:00.536Z, 35
2025-01-18T00:19:06.896Z, 35
2025-01-18T00:25:45.971Z, 35
2025-01-18T00:25:59.667Z, 35
2025-01-18T00:26:09.435Z, 35
2025-01-18T00:26:56.396Z, 35
2025-01-18T00:29:41.384Z, 35
2025-01-18T00:29:43.701Z, 35
2025-01-18T00:29:46.335Z, 35
2025-01-18T00:29:48.829Z, 35
2025-01-18T00:29:51.312Z, 35
2025-01-18T00:29:53.806Z, 35
2025-01-18T00:29:56.328Z, 35
2025-01-18T00:29:58.798Z, 35
2025-01-18T00:30:01.370Z, 35
2025-01-18T00:30:03.838Z, 35
2025-01-18T00:30:06.319Z, 35
2025-01-18T00:30:08.819Z, 35
2025-01-18T00:30:12.276Z, 35
2025-01-18T00:30:15.267Z, 35
2025-01-18T00:30:18.836Z, 35
2025-01-18T00:30:27.037Z, 35
2025-01-18T07:25:40.469Z, 100
2025-01-18T07:25:52.807Z, 100
2025-01-18T07:26:06.433Z, 100
2025-01-18T07:26:19.002Z, 100
2025-01-18T08:10:08.799Z, 25
2025-01-18T08:10:11.739Z, 25
2025-01-18T08:10:15.101Z, 25
2025-01-18T08:10:18.463Z, 25
2025-01-18T08:19:23.807Z, 25
2025-01-18T08:19:26.082Z, 25
2025-01-18T08:19:28.992Z, 25
2025-01-18T08:19:31.469Z, 25
2025-01-18T08:19:34.514Z, 25
2025-01-18T08:19:37.487Z, 25
2025-01-18T08:19:40.623Z, 25
2025-01-18T08:19:43.432Z, 25
2025-01-18T08:19:46.045Z, 25
2025-01-18T08:19:48.594Z, 25
2025-01-18T08:19:51.417Z, 25
2025-01-18T08:19:54.121Z, 25
2025-01-18T08:19:56.964Z, 25
2025-01-18T08:19:59.580Z, 25
2025-01-18T08:20:13.838Z, 25
2025-01-18T08:21:16.006Z, 25
2025-01-18T08:21:18.295Z, 25
2025-01-18T08:21:24.514Z, 25
2025-01-18T08:21:29.761Z, 25
2025-01-18T08:21:32.880Z, 25
2025-01-18T14:33:24.899Z, 25
2025-01-18T14:33:26.885Z, 25
2025-01-18T14:33:29.207Z, 25
2025-01-18T14:33:31.435Z, 25
2025-01-18T14:33:38.360Z, 25
2025-01-18T14:33:41.637Z, 25
2025-01-18T14:33:44.485Z, 25
2025-01-18T14:33:47.880Z, 25
2025-01-18T14:33:51.373Z, 95
2025-01-18T14:33:54.554Z, 95
2025-01-18T14:33:57.850Z, 49
2025-01-18T14:34:01.058Z, 49
2025-01-18T14:34:04.297Z, 85.5
2025-01-18T14:34:07.616Z, 85.5
2025-01-18T14:47:32.039Z, 88.5
2025-01-18T14:47:34.305Z, 88.5
2025-01-18T14:47:36.864Z, 88.5
2025-01-18T14:47:39.078Z, 88.5
2025-01-18T14:47:41.544Z, 88.5
2025-01-18T14:47:44.022Z, 88.5
2025-01-18T14:47:47.137Z, 88.5
2025-01-18T14:47:50.570Z, 88.5
2025-01-18T14:47:53.441Z, 88.5
2025-01-18T14:47:55.971Z, 88.5
2025-01-18T14:47:58.632Z, 88.5
2025-01-18T14:48:01.460Z, 88.5
2025-01-18T14:48:04.088Z, 88.5
2025-01-18T14:48:07.260Z, 88.5
2025-01-18T14:48:10.601Z, 88.5
2025-01-18T14:48:13.323Z, 88.5
2025-01-18T14:48:16.348Z, 47.5
2025-01-18T14:48:18.858Z, 47.5
2025-01-18T14:48:21.844Z, 19
2025-01-18T14:48:25.334Z, 19
2025-01-18T14:48:27.774Z, 8.5
2025-01-18T14:48:30.458Z, 8.5
2025-01-18T14:48:33.405Z, 8.5
2025-01-18T14:48:36.082Z, 8.5
2025-01-18T14:48:39.007Z, 8.5
2025-01-18T14:48:41.694Z, 8.5
2025-01-18T14:48:44.597Z, 8.5
2025-01-18T14:48:47.234Z, 8.5
2025-01-18T14:48:50.237Z, 8.5
2025-01-18T21:43:42.441Z, 0
2025-01-18T21:43:48.644Z, 0
2025-01-18T21:43:57.433Z, 0
2025-01-18T21:44:03.816Z, 0
2025-01-18T21:44:20.681Z, 0
2025-01-18T21:44:27.017Z, 0
2025-01-18T21:44:35.992Z, 0
2025-01-18T21:44:42.486Z, 0
2025-01-18T21:44:51.473Z, 0
2025-01-18T21:44:58.631Z, 0
2025-01-18T21:45:09.974Z, 0
2025-01-18T21:45:17.319Z, 0
2025-01-18T21:45:26.367Z, 0
2025-01-18T21:45:32.878Z, 0
2025-01-18T21:45:41.992Z, 0
2025-01-18T21:45:47.833Z, 0
2025-01-18T21:45:56.030Z, 0
2025-01-18T21:46:01.992Z, 0
2025-01-18T21:46:10.529Z, 0
2025-01-18T21:46:17.417Z, 0
2025-01-18T21:46:26.314Z, 0
2025-01-18T21:46:32.568Z, 0
2025-01-18T21:46:41.164Z, 0
2025-01-18T21:46:47.437Z, 0
2025-01-18T21:46:55.755Z, 0
2025-01-18T21:47:02.022Z, 0
2025-01-18T21:47:11.074Z, 0
2025-01-18T21:47:17.681Z, 0
2025-01-18T21:47:38.333Z, 0
2025-01-18T21:47:44.884Z, 0
2025-01-18T21:47:54.607Z, 0
2025-01-18T21:48:01.682Z, 0
2025-01-18T21:48:30.225Z, 0
2025-01-18T21:49:27.512Z, 0
2025-01-18T21:49:35.091Z, 0
2025-01-18T21:49:40.468Z, 0
2025-01-18T21:49:48.095Z, 0
2025-01-18T21:49:53.335Z, 0
2025-01-18T21:50:00.680Z, 0
2025-01-18T21:50:06.025Z, 0
2025-01-18T21:50:13.470Z, 0
2025-01-18T21:50:18.805Z, 0
2025-01-18T21:50:26.151Z, 0
2025-01-18T21:50:31.509Z, 0
2025-01-18T21:50:38.854Z, 0
2025-01-18T21:50:44.475Z, 0
2025-01-18T21:50:51.872Z, 0
2025-01-18T21:53:55.627Z, 58.5
2025-01-18T21:54:21.768Z, 0
2025-01-18T21:54:29.401Z, 0
2025-01-18T21:54:58.409Z, 58.5
2025-01-18T21:55:00.736Z, 58.5
2025-01-18T21:55:03.267Z, 58.5
2025-01-18T21:55:08.299Z, 58.5
2025-01-18T21:55:10.779Z, 58.5
2025-01-18T21:55:13.381Z, 58.5
2025-01-18T21:55:16.191Z, 58.5
2025-01-18T21:55:19.111Z, 58.5
2025-01-18T21:55:21.862Z, 58.5
2025-01-18T21:55:24.539Z, 58.5
2025-01-18T21:55:27.293Z, 58.5
2025-01-18T21:55:29.996Z, 58.5
2025-01-18T21:55:32.705Z, 58.5
2025-01-18T21:55:35.359Z, 58.5
2025-01-18T21:55:38.346Z, 58.5
2025-01-18T21:55:41.870Z, 58.5
2025-01-18T21:55:45.320Z, 58.5
2025-01-18T21:55:48.508Z, 58.5
2025-01-18T22:55:42.211Z, 58.5
2025-01-18T22:55:44.777Z, 58.5
2025-01-18T22:55:47.375Z, 58.5
2025-01-18T22:55:49.899Z, 58.5
2025-01-18T22:55:52.545Z, 58.5
2025-01-18T22:55:55.037Z, 58.5
2025-01-18T22:55:58.062Z, 58.5
2025-01-18T22:56:24.269Z, 58.5
2025-01-18T22:56:26.861Z, 58.5
2025-01-18T22:56:38.079Z, 58.5
2025-01-18T22:56:51.916Z, 58.5
2025-01-18T22:56:54.531Z, 58.5
2025-01-18T22:56:57.180Z, 58.5
2025-01-18T22:56:59.773Z, 58.5
2025-01-18T22:57:02.734Z, 58.5
2025-01-18T22:59:52.739Z, 25
2025-01-18T22:59:54.561Z, 25
2025-01-18T22:59:56.808Z, 25
2025-01-18T22:59:58.977Z, 25
2025-01-18T23:00:01.212Z, 25
2025-01-18T23:00:03.334Z, 25
2025-01-18T23:00:05.534Z, 25
2025-01-18T23:00:07.741Z, 25
2025-01-18T23:00:09.959Z, 25
2025-01-18T23:45:48.711Z, 25
2025-01-18T23:46:55.217Z, 25
2025-01-18T23:46:57.322Z, 25
2025-01-18T23:46:59.422Z, 25
2025-01-18T23:47:01.651Z, 25
2025-01-18T23:47:03.787Z, 25
2025-01-18T23:47:06.007Z, 25
2025-01-18T23:47:08.170Z, 25
2025-01-18T23:47:10.300Z, 25
2025-01-18T23:47:12.438Z, 25
2025-01-19T12:18:42.830Z, 0
2025-01-19T12:18:48.656Z, 0
2025-01-19T12:18:58.500Z, 0
2025-01-19T12:19:04.487Z, 0
