2025-01-09T23:27:47.436Z, 46.7
2025-01-09T23:27:50.081Z, 46.7
2025-01-09T23:27:52.580Z, 46.7
2025-01-09T23:27:55.485Z, -18.4
2025-01-09T23:27:57.895Z, -18.4
2025-01-09T23:28:00.385Z, 16.3
2025-01-09T23:28:03.483Z, 16.3
2025-01-09T23:28:06.020Z, 16.3
2025-01-09T23:31:19.696Z, 5.7
2025-01-09T23:31:22.097Z, 5.7
2025-01-09T23:31:24.552Z, 5.7
2025-01-09T23:31:26.861Z, 5.7
2025-01-09T23:31:29.272Z, 36.1
2025-01-09T23:31:31.625Z, 36.1
2025-01-09T23:31:34.379Z, -14.9
2025-01-09T23:31:36.462Z, -14.9
2025-01-09T23:40:13.030Z, 26.2
2025-01-09T23:40:18.291Z, 26.2
2025-01-09T23:40:23.561Z, 26.2
2025-01-09T23:40:28.442Z, 26.2
2025-01-09T23:40:33.562Z, 26.2
2025-01-09T23:40:50.030Z, 26.2
2025-01-09T23:40:55.996Z, 26.2
2025-01-09T23:41:02.111Z, 26.2
2025-01-09T23:41:09.445Z, 26.2
2025-01-09T23:41:15.022Z, 26.2
2025-01-09T23:41:28.692Z, 26.2
2025-01-09T23:41:28.693Z, 26.2
2025-01-09T23:41:38.621Z, 26.2
2025-01-09T23:41:53.822Z, 26.2
2025-01-09T23:42:01.951Z, 26.2
2025-01-09T23:42:09.097Z, 26.2
2025-01-09T23:42:14.445Z, 26.2
2025-01-09T23:42:19.895Z, 26.2
2025-01-09T23:43:05.930Z, 26.2
2025-01-10T16:49:31.364Z, 26.2
2025-01-11T18:11:14.870Z, 26.2
2025-01-17T16:07:52.759Z, 26.2
2025-01-17T16:08:32.268Z, 26.2
2025-01-17T16:08:35.591Z, 26.2
2025-01-17T16:08:39.301Z, 26.2
2025-01-17T16:08:42.340Z, 26.2
2025-01-17T16:08:45.546Z, 26.2
2025-01-17T16:08:48.755Z, 26.2
2025-01-17T16:08:51.945Z, 26.2
2025-01-17T16:08:54.582Z, 26.2
2025-01-17T16:08:57.193Z, 26.2
2025-01-17T16:08:59.871Z, 26.2
2025-01-17T16:09:02.848Z, 26.2
2025-01-17T16:09:05.924Z, 26.2
2025-01-17T16:09:09.649Z, 26.2
2025-01-17T16:09:14.393Z, 26.2
2025-01-17T16:09:20.738Z, 26.2
2025-01-17T16:09:27.036Z, 26.2
2025-01-17T16:09:30.179Z, 26.2
2025-01-17T16:09:32.768Z, 26.2
2025-01-17T16:09:35.500Z, 26.2
2025-01-17T16:09:38.459Z, 26.2
2025-01-17T16:09:40.974Z, 26.2
2025-01-17T16:09:43.788Z, 26.2
2025-01-17T16:09:46.414Z, 26.2
2025-01-17T16:09:49.319Z, 26.2
2025-01-17T16:09:52.234Z, 26.2
2025-01-17T16:09:54.964Z, 26.2
2025-01-17T16:09:57.731Z, 26.2
2025-01-17T16:10:00.641Z, 26.2
2025-01-17T16:10:03.167Z, 26.2
2025-01-17T16:10:05.761Z, 26.2
2025-01-17T16:10:08.287Z, 26.2
2025-01-17T16:10:10.858Z, 26.2
2025-01-17T16:10:13.396Z, 26.2
2025-01-17T16:10:15.989Z, 26.2
2025-01-17T16:10:18.651Z, 26.2
2025-01-17T16:10:21.382Z, 26.2
2025-01-17T16:10:23.608Z, 26.2
2025-01-17T16:10:26.592Z, 26.2
2025-01-17T16:10:29.408Z, 26.2
2025-01-17T16:10:32.037Z, 26.2
2025-01-17T16:10:34.486Z, 26.2
2025-01-17T16:10:37.102Z, 26.2
2025-01-17T16:10:39.577Z, 26.2
2025-01-17T16:10:42.321Z, 26.2
2025-01-17T16:10:45.193Z, 26.2
2025-01-17T16:10:49.067Z, 26.2
2025-01-17T16:10:54.300Z, 26.2
2025-01-17T16:11:00.967Z, 26.2
2025-01-17T16:11:08.510Z, 26.2
2025-01-17T16:11:12.912Z, 26.2
2025-01-17T16:11:16.673Z, 26.2
2025-01-17T16:11:21.299Z, 26.2
2025-01-17T16:11:28.379Z, 26.2
2025-01-17T16:11:36.996Z, 26.2
2025-01-17T16:11:45.620Z, 26.2
2025-01-17T16:11:53.947Z, 26.2
2025-01-17T16:11:59.371Z, 26.2
2025-01-17T16:12:06.596Z, 26.2
2025-01-17T16:12:13.842Z, 26.2
2025-01-17T16:12:17.762Z, 26.2
2025-01-17T16:12:23.187Z, 26.2
2025-01-17T16:12:27.590Z, 26.2
2025-01-17T16:12:31.325Z, 26.2
2025-01-17T16:12:34.583Z, 26.2
2025-01-17T16:12:37.861Z, 26.2
2025-01-17T16:12:41.322Z, 26.2
2025-01-17T16:12:44.637Z, 26.2
2025-01-17T16:12:48.137Z, 26.2
2025-01-17T16:12:51.288Z, 26.2
2025-01-17T16:12:54.766Z, 26.2
2025-01-17T16:12:58.105Z, 26.2
2025-01-17T16:13:01.045Z, 26.2
2025-01-17T16:13:03.501Z, 26.2
2025-01-17T16:13:06.637Z, 26.2
2025-01-17T16:13:09.364Z, 26.2
2025-01-17T16:13:12.569Z, 26.2
2025-01-17T16:13:15.579Z, 26.2
2025-01-17T16:13:19.073Z, 26.2
2025-01-17T16:13:21.784Z, 26.2
2025-01-17T16:13:24.605Z, 26.2
2025-01-17T16:13:27.398Z, 26.2
2025-01-17T16:13:30.246Z, 26.2
2025-01-17T16:13:38.090Z, 26.2
2025-01-17T16:13:38.367Z, 26.2
2025-01-17T16:13:40.459Z, 26.2
2025-01-17T16:13:44.642Z, 26.2
2025-01-17T16:13:49.604Z, 26.2
2025-01-17T16:13:55.305Z, 26.2
2025-01-17T16:14:01.188Z, 26.2
2025-01-17T16:14:07.916Z, 26.2
2025-01-17T16:14:12.951Z, 26.2
2025-01-17T16:14:17.707Z, 26.2
2025-01-17T16:14:24.392Z, 26.2
2025-01-17T16:14:29.683Z, 26.2
2025-01-17T16:14:35.019Z, 26.2
2025-01-17T16:14:40.836Z, 26.2
2025-01-17T16:14:46.047Z, 26.2
2025-01-17T16:14:54.666Z, 26.2
2025-01-17T16:15:01.297Z, 26.2
2025-01-17T16:15:08.054Z, 26.2
2025-01-17T16:15:17.030Z, 26.2
2025-01-17T16:15:27.020Z, 26.2
2025-01-17T16:15:35.044Z, 26.2
2025-01-17T16:15:42.891Z, 26.2
2025-01-17T16:15:51.172Z, 26.2
2025-01-17T16:16:00.768Z, 26.2
2025-01-17T16:16:08.586Z, 26.2
2025-01-17T16:16:17.873Z, 26.2
2025-01-17T16:16:25.516Z, 26.2
2025-01-17T16:16:32.650Z, 26.2
2025-01-17T16:16:39.132Z, 26.2
2025-01-17T16:16:45.517Z, 26.2
2025-01-17T16:16:52.051Z, 26.2
2025-01-17T16:16:57.773Z, 26.2
2025-01-17T16:17:02.941Z, 26.2
2025-01-17T16:17:08.565Z, 26.2
2025-01-17T16:17:14.783Z, 26.2
2025-01-17T16:17:25.347Z, 26.2
2025-01-17T16:17:37.004Z, 26.2
2025-01-17T16:17:47.562Z, 26.2
2025-01-17T16:17:57.492Z, 26.2
2025-01-17T16:18:08.703Z, 26.2
2025-01-17T16:18:21.038Z, 26.2
2025-01-17T16:18:33.351Z, 26.2
2025-01-17T16:18:42.349Z, 26.2
2025-01-17T16:18:52.736Z, 26.2
2025-01-17T16:19:05.706Z, 26.2
2025-01-17T16:19:16.048Z, 26.2
2025-01-17T16:19:25.851Z, 26.2
2025-01-17T16:19:37.219Z, 26.2
2025-01-17T16:19:46.955Z, 26.2
2025-01-17T16:19:54.521Z, 26.2
2025-01-17T16:20:01.487Z, 26.2
2025-01-17T16:20:07.356Z, 26.2
2025-01-17T16:20:13.406Z, 26.2
2025-01-17T16:20:20.354Z, 26.2
2025-01-17T16:20:27.091Z, 26.2
2025-01-17T16:20:34.889Z, 26.2
2025-01-17T16:20:41.775Z, 26.2
2025-01-17T16:20:48.305Z, 26.2
2025-01-17T16:20:54.552Z, 26.2
2025-01-17T16:21:01.484Z, 26.2
2025-01-17T16:21:07.957Z, 26.2
2025-01-17T16:21:15.003Z, 26.2
2025-01-17T16:21:22.084Z, 26.2
2025-01-17T16:21:28.844Z, 26.2
2025-01-17T16:21:36.052Z, 26.2
2025-01-17T16:21:43.472Z, 26.2
2025-01-17T16:21:50.312Z, 26.2
2025-01-17T16:21:58.321Z, 26.2
2025-01-17T16:22:05.851Z, 26.2
2025-01-17T16:22:13.688Z, 26.2
2025-01-17T16:22:21.637Z, 26.2
2025-01-17T16:22:28.498Z, 26.2
2025-01-17T16:22:37.388Z, 26.2
2025-01-17T16:22:45.554Z, 26.2
2025-01-17T16:22:53.434Z, 26.2
2025-01-17T16:23:01.552Z, 26.2
2025-01-17T16:23:08.501Z, 26.2
2025-01-17T16:23:15.940Z, 26.2
2025-01-17T16:23:24.020Z, 26.2
2025-01-17T16:23:31.271Z, 26.2
2025-01-17T16:23:37.237Z, 26.2
2025-01-17T16:23:43.817Z, 26.2
2025-01-17T16:23:50.620Z, 26.2
2025-01-17T16:24:02.099Z, 26.2
2025-01-17T16:24:11.972Z, 26.2
2025-01-17T16:24:19.536Z, 26.2
2025-01-17T16:24:25.170Z, 26.2
2025-01-17T16:24:31.566Z, 26.2
2025-01-17T16:24:37.787Z, 26.2
2025-01-17T16:24:44.385Z, 26.2
2025-01-17T16:24:50.630Z, 26.2
2025-01-17T16:24:55.733Z, 26.2
2025-01-17T16:25:00.167Z, 26.2
2025-01-17T16:25:04.993Z, 26.2
2025-01-17T16:25:09.507Z, 26.2
2025-01-17T16:25:14.573Z, 26.2
2025-01-17T16:25:19.917Z, 26.2
2025-01-17T16:25:24.576Z, 26.2
2025-01-17T16:25:28.983Z, 26.2
2025-01-17T16:25:34.085Z, 26.2
2025-01-17T16:25:39.606Z, 26.2
2025-01-17T16:25:48.391Z, 26.2
2025-01-17T16:25:54.667Z, 26.2
2025-01-17T16:26:00.351Z, 26.2
2025-01-17T16:26:06.950Z, 26.2
2025-01-17T16:26:12.844Z, 26.2
2025-01-17T16:26:19.057Z, 26.2
2025-01-17T16:26:33.194Z, 26.2
2025-01-17T16:26:34.628Z, 26.2
2025-01-17T16:26:42.147Z, 26.2
2025-01-17T16:26:49.935Z, 26.2
2025-01-17T16:26:57.701Z, 26.2
2025-01-17T16:27:04.819Z, 26.2
2025-01-17T16:27:11.222Z, 26.2
2025-01-17T16:27:17.125Z, 26.2
2025-01-17T16:27:23.137Z, 26.2
2025-01-17T16:27:28.927Z, 26.2
2025-01-17T16:27:34.643Z, 26.2
2025-01-17T16:27:41.390Z, 26.2
2025-01-17T16:27:47.370Z, 26.2
2025-01-17T16:27:53.652Z, 26.2
2025-01-17T16:28:00.420Z, 26.2
2025-01-17T16:28:05.723Z, 26.2
2025-01-17T16:28:11.539Z, 26.2
2025-01-17T16:28:16.937Z, 26.2
2025-01-17T16:28:23.494Z, 26.2
2025-01-17T16:28:29.170Z, 26.2
2025-01-17T16:28:36.600Z, 26.2
2025-01-17T16:28:41.169Z, 26.2
2025-01-17T16:28:45.707Z, 26.2
2025-01-17T16:28:51.420Z, 26.2
2025-01-17T16:28:54.200Z, 26.2
2025-01-17T16:29:01.528Z, 26.2
2025-01-17T16:29:14.134Z, 26.2
2025-01-17T16:29:21.944Z, 26.2
2025-01-17T16:29:30.417Z, 26.2
2025-01-17T16:29:37.533Z, 26.2
2025-01-17T16:29:46.388Z, 26.2
2025-01-17T16:29:56.090Z, 26.2
2025-01-17T16:30:07.863Z, 26.2
2025-01-17T16:30:13.974Z, 26.2
2025-01-17T16:30:22.854Z, 26.2
2025-01-17T16:30:31.617Z, 26.2
2025-01-17T16:30:38.170Z, 26.2
2025-01-17T16:30:45.423Z, 26.2
2025-01-17T16:30:52.488Z, 26.2
2025-01-17T16:31:00.086Z, 26.2
2025-01-17T16:31:06.001Z, 26.2
2025-01-17T16:31:14.993Z, 26.2
2025-01-17T16:31:20.717Z, 26.2
2025-01-17T16:31:26.541Z, 26.2
2025-01-17T16:31:32.937Z, 26.2
2025-01-17T16:31:38.986Z, 26.2
2025-01-17T16:31:47.637Z, 26.2
2025-01-17T16:31:55.651Z, 26.2
2025-01-17T16:32:01.763Z, 26.2
2025-01-17T16:32:07.967Z, 26.2
2025-01-17T16:32:14.208Z, 26.2
2025-01-17T16:32:20.184Z, 26.2
2025-01-17T16:32:26.318Z, 26.2
2025-01-17T16:32:31.500Z, 26.2
2025-01-17T16:32:37.166Z, 26.2
2025-01-17T16:32:43.484Z, 26.2
2025-01-17T16:32:51.724Z, 26.2
2025-01-17T16:33:02.623Z, 26.2
2025-01-17T16:33:12.536Z, 26.2
2025-01-17T16:33:22.491Z, 26.2
2025-01-17T16:33:34.041Z, 26.2
2025-01-17T16:33:40.053Z, 26.2
2025-01-17T16:33:45.923Z, 26.2
2025-01-17T16:33:50.704Z, 26.2
2025-01-17T16:33:55.481Z, 26.2
2025-01-17T16:34:01.423Z, 26.2
2025-01-17T16:34:07.232Z, 26.2
2025-01-17T16:34:11.716Z, 26.2
2025-01-17T16:34:16.274Z, 26.2
2025-01-17T16:34:20.684Z, 26.2
2025-01-17T16:34:25.318Z, 26.2
2025-01-17T16:34:30.654Z, 26.2
2025-01-17T16:34:37.748Z, 26.2
2025-01-17T16:34:43.524Z, 26.2
2025-01-17T16:34:51.785Z, 26.2
2025-01-17T16:35:01.769Z, 26.2
2025-01-17T16:35:12.280Z, 26.2
2025-01-17T16:35:22.680Z, 26.2
2025-01-17T16:35:35.636Z, 26.2
2025-01-17T16:35:47.570Z, 26.2
2025-01-17T16:35:59.133Z, 26.2
2025-01-17T16:36:10.904Z, 26.2
2025-01-17T16:36:19.089Z, 26.2
2025-01-17T16:36:28.862Z, 26.2
2025-01-17T16:36:35.689Z, 26.2
2025-01-17T16:36:44.522Z, 26.2
2025-01-17T16:36:53.433Z, 26.2
2025-01-17T16:36:57.986Z, 26.2
2025-01-17T16:37:02.199Z, 26.2
2025-01-17T16:37:07.371Z, 26.2
2025-01-17T16:37:12.864Z, 26.2
2025-01-17T16:37:20.135Z, 26.2
2025-01-17T16:37:25.643Z, 26.2
2025-01-17T16:37:31.077Z, 26.2
2025-01-17T16:37:35.737Z, 26.2
2025-01-17T16:37:42.026Z, 26.2
2025-01-17T16:37:50.433Z, 24
2025-01-17T16:37:53.000Z, 24
2025-01-17T16:37:56.308Z, 24
2025-01-17T16:37:58.747Z, 24
2025-01-17T16:38:01.761Z, 26.2
2025-01-17T16:38:05.007Z, 24
2025-01-17T16:38:06.982Z, 24
2025-01-17T16:38:11.130Z, 26.2
2025-01-17T16:38:26.415Z, 26.2
2025-01-17T16:38:34.448Z, 26.2
2025-01-17T16:38:44.401Z, 26.2
2025-01-17T16:38:54.653Z, 26.2
2025-01-17T16:39:06.737Z, 26.2
2025-01-17T16:39:16.313Z, 26.2
2025-01-17T16:39:28.941Z, 26.2
2025-01-17T16:39:36.719Z, 26.2
2025-01-17T16:39:51.608Z, 26.2
2025-01-17T16:40:03.551Z, 26.2
2025-01-17T16:40:08.866Z, 26.2
2025-01-17T16:40:19.390Z, 26.2
2025-01-17T16:40:28.607Z, 26.2
2025-01-17T16:40:38.664Z, 26.2
2025-01-17T16:40:48.165Z, 26.2
2025-01-17T16:40:56.720Z, 26.2
2025-01-17T16:41:04.991Z, 26.2
2025-01-17T16:41:17.895Z, 26.2
2025-01-17T16:41:20.356Z, 26.2
2025-01-17T16:41:34.450Z, 26.2
2025-01-17T16:41:46.119Z, 26.2
2025-01-17T16:41:54.366Z, 26.2
2025-01-17T16:42:02.080Z, 26.2
2025-01-17T16:42:07.195Z, 26.2
2025-01-17T16:42:15.562Z, 26.2
2025-01-17T16:42:21.200Z, 26.2
2025-01-17T16:42:26.525Z, 26.2
2025-01-17T16:42:31.001Z, 26.2
2025-01-17T16:42:37.128Z, 26.2
2025-01-17T16:42:41.637Z, 26.2
2025-01-17T16:42:46.782Z, 26.2
2025-01-17T16:42:51.216Z, 26.2
2025-01-17T16:42:55.402Z, 26.2
2025-01-17T16:42:59.179Z, 26.2
2025-01-17T16:43:02.664Z, 26.2
2025-01-17T16:43:06.947Z, 26.2
2025-01-17T16:43:11.009Z, 26.2
2025-01-17T16:43:15.569Z, 26.2
2025-01-17T16:43:19.861Z, 26.2
2025-01-17T16:43:24.174Z, 26.2
2025-01-17T16:43:27.427Z, 26.2
2025-01-17T16:43:30.431Z, 26.2
2025-01-17T16:43:32.904Z, 26.2
2025-01-17T16:43:36.323Z, 26.2
2025-01-17T16:43:38.949Z, 26.2
2025-01-17T16:43:47.090Z, 26.2
2025-01-17T16:43:47.313Z, 26.2
2025-01-17T16:43:49.307Z, 26.2
2025-01-17T16:43:51.643Z, 26.2
2025-01-17T16:43:55.804Z, 26.2
2025-01-17T16:43:58.283Z, 26.2
2025-01-17T16:44:01.414Z, 26.2
2025-01-17T16:44:04.172Z, 26.2
2025-01-17T16:44:07.222Z, 26.2
2025-01-17T16:44:09.811Z, 26.2
2025-01-17T16:44:12.529Z, 26.2
2025-01-17T16:44:15.324Z, 26.2
2025-01-17T16:44:18.309Z, 26.2
2025-01-17T16:44:21.417Z, 26.2
2025-01-17T16:44:26.004Z, 26.2
2025-01-17T16:44:29.108Z, 26.2
2025-01-17T16:44:31.991Z, 26.2
2025-01-17T16:44:34.762Z, 26.2
2025-01-17T16:44:39.445Z, 26.2
2025-01-17T16:44:43.392Z, 26.2
2025-01-17T16:44:47.723Z, 26.2
2025-01-17T16:44:53.327Z, 26.2
2025-01-17T16:44:58.977Z, 26.2
2025-01-17T16:45:03.103Z, 26.2
2025-01-17T16:45:10.349Z, 26.2
2025-01-17T16:45:14.890Z, 26.2
2025-01-17T16:45:18.992Z, 26.2
2025-01-17T16:45:22.815Z, 26.2
2025-01-17T16:45:27.852Z, 26.2
2025-01-17T16:45:31.383Z, 26.2
2025-01-17T16:45:35.495Z, 26.2
2025-01-17T16:45:39.493Z, 26.2
2025-01-17T16:45:43.546Z, 26.2
2025-01-17T16:45:47.459Z, 26.2
2025-01-17T16:45:53.920Z, 26.2
2025-01-17T16:46:48.372Z, 26.2
2025-01-17T16:46:58.940Z, 26.2
2025-01-17T16:47:03.887Z, 26.2
2025-01-17T16:47:08.373Z, 26.2
2025-01-17T16:47:14.093Z, 26.2
2025-01-17T16:47:19.055Z, 26.2
2025-01-17T16:47:28.893Z, 26.2
2025-01-17T16:47:36.247Z, 26.2
2025-01-17T16:47:45.065Z, 26.2
2025-01-17T16:47:53.499Z, 26.2
2025-01-17T16:48:00.449Z, 26.2
2025-01-17T16:48:07.047Z, 26.2
2025-01-17T16:48:14.120Z, 26.2
2025-01-17T16:48:23.272Z, 26.2
2025-01-17T16:48:30.411Z, 26.2
2025-01-17T16:48:35.399Z, 26.2
2025-01-17T16:48:43.476Z, 26.2
2025-01-17T16:48:51.186Z, 26.2
2025-01-17T16:48:55.011Z, 26.2
2025-01-17T16:49:03.032Z, 26.2
2025-01-17T16:49:12.359Z, 26.2
2025-01-17T16:49:19.454Z, 26.2
2025-01-17T16:49:24.959Z, 26.2
2025-01-17T16:49:36.517Z, 26.2
2025-01-17T16:49:39.951Z, 26.2
2025-01-17T16:49:43.466Z, 26.2
2025-01-17T16:49:47.092Z, 26.2
2025-01-17T16:49:52.608Z, 26.2
2025-01-17T16:49:59.185Z, 26.2
2025-01-17T16:50:09.575Z, 26.2
2025-01-17T16:50:16.071Z, 26.2
2025-01-17T16:50:21.140Z, 26.2
2025-01-17T16:50:26.824Z, 26.2
2025-01-17T16:50:31.089Z, 26.2
2025-01-17T16:50:35.051Z, 26.2
2025-01-17T16:50:38.743Z, 26.2
2025-01-17T16:50:42.671Z, 26.2
2025-01-17T16:50:48.258Z, 26.2
2025-01-17T16:50:52.301Z, 26.2
2025-01-17T16:50:56.231Z, 26.2
2025-01-17T16:50:59.478Z, 26.2
2025-01-17T16:51:02.971Z, 26.2
2025-01-17T16:51:05.991Z, 26.2
2025-01-17T16:51:09.375Z, 26.2
2025-01-17T16:51:13.274Z, 26.2
2025-01-17T16:51:16.685Z, 26.2
2025-01-17T16:51:21.890Z, 26.2
2025-01-17T16:51:29.758Z, 26.2
2025-01-17T16:51:34.115Z, 26.2
2025-01-17T16:51:38.009Z, 26.2
2025-01-17T16:51:41.418Z, 26.2
2025-01-17T16:51:44.798Z, 26.2
2025-01-17T16:51:48.245Z, 26.2
2025-01-17T16:51:51.403Z, 26.2
2025-01-17T16:51:54.862Z, 26.2
2025-01-17T16:52:01.445Z, 26.2
2025-01-17T16:52:05.154Z, 26.2
2025-01-17T16:52:09.932Z, 26.2
2025-01-17T16:52:14.012Z, 26.2
2025-01-17T16:52:18.110Z, 26.2
2025-01-17T16:52:20.784Z, 26.2
2025-01-17T16:52:25.276Z, 26.2
2025-01-17T16:52:30.503Z, 26.2
2025-01-17T16:52:42.003Z, 26.2
2025-01-17T16:52:52.334Z, 26.2
2025-01-17T16:52:59.752Z, 26.2
2025-01-17T16:53:05.867Z, 26.2
2025-01-17T16:53:11.887Z, 26.2
2025-01-17T16:53:17.232Z, 26.2
2025-01-17T16:53:22.850Z, 26.2
2025-01-17T16:53:29.159Z, 26.2
2025-01-17T16:53:38.610Z, 26.2
2025-01-17T16:53:47.867Z, 26.2
2025-01-17T16:53:53.502Z, 26.2
2025-01-17T16:53:58.044Z, 26.2
2025-01-17T16:54:05.054Z, 26.2
2025-01-17T16:54:13.248Z, 26.2
2025-01-17T16:54:18.032Z, 26.2
2025-01-17T16:54:23.662Z, 26.2
2025-01-17T16:54:30.211Z, 26.2
2025-01-17T16:54:38.684Z, 26.2
2025-01-17T16:54:47.300Z, 26.2
2025-01-17T16:54:55.288Z, 26.2
2025-01-17T16:55:03.068Z, 26.2
2025-01-17T16:55:11.185Z, 26.2
2025-01-17T16:55:18.978Z, 26.2
2025-01-17T16:55:22.794Z, 26.2
2025-01-17T16:55:26.208Z, 26.2
2025-01-17T16:55:30.756Z, 26.2
2025-01-17T16:55:35.899Z, 26.2
2025-01-17T16:55:41.380Z, 26.2
2025-01-17T16:55:45.741Z, 26.2
2025-01-17T16:55:50.644Z, 26.2
2025-01-17T16:55:54.300Z, 26.2
2025-01-17T16:55:58.391Z, 26.2
2025-01-17T16:56:06.515Z, 26.2
2025-01-17T16:56:13.513Z, 26.2
2025-01-17T16:56:20.136Z, 26.2
2025-01-17T16:56:25.777Z, 26.2
2025-01-17T16:56:29.196Z, 26.2
2025-01-17T16:56:32.966Z, 26.2
2025-01-17T16:56:37.175Z, 26.2
2025-01-17T16:56:41.694Z, 26.2
2025-01-17T16:56:45.378Z, 26.2
2025-01-17T16:56:48.717Z, 26.2
2025-01-17T16:56:54.011Z, 26.2
2025-01-17T16:57:01.480Z, 26.2
2025-01-17T16:57:09.269Z, 26.2
2025-01-17T16:57:15.361Z, 26.2
2025-01-17T16:57:20.487Z, 26.2
2025-01-17T16:57:25.186Z, 26.2
2025-01-17T16:57:28.646Z, 26.2
2025-01-17T16:57:32.138Z, 26.2
2025-01-17T16:57:37.987Z, 26.2
2025-01-17T16:57:46.784Z, 26.2
2025-01-17T16:57:53.119Z, 26.2
2025-01-17T16:57:59.800Z, 26.2
2025-01-17T16:58:05.444Z, 26.2
2025-01-17T16:58:11.689Z, 26.2
2025-01-17T16:58:16.584Z, 26.2
2025-01-17T16:58:21.586Z, 26.2
2025-01-17T16:58:26.458Z, 26.2
2025-01-17T16:58:32.210Z, 26.2
2025-01-17T16:58:37.263Z, 26.2
2025-01-17T16:58:42.703Z, 26.2
2025-01-17T16:58:48.315Z, 26.2
2025-01-17T16:58:54.787Z, 26.2
2025-01-17T16:59:02.125Z, 26.2
2025-01-17T16:59:06.229Z, 26.2
2025-01-17T16:59:10.640Z, 26.2
2025-01-17T16:59:15.551Z, 26.2
2025-01-17T16:59:19.298Z, 26.2
2025-01-17T16:59:24.179Z, 26.2
2025-01-17T16:59:27.511Z, 26.2
2025-01-17T16:59:33.508Z, 26.2
2025-01-17T16:59:40.690Z, 26.2
2025-01-17T16:59:45.496Z, 26.2
2025-01-17T16:59:51.479Z, 26.2
2025-01-17T16:59:56.063Z, 26.2
2025-01-17T17:00:00.213Z, 26.2
2025-01-17T17:00:05.556Z, 26.2
2025-01-17T17:00:11.042Z, 26.2
2025-01-17T17:00:16.557Z, 26.2
2025-01-17T17:00:23.381Z, 26.2
2025-01-17T17:00:29.650Z, 26.2
2025-01-17T17:00:33.471Z, 26.2
2025-01-17T17:00:39.243Z, 26.2
2025-01-17T17:00:44.702Z, 26.2
2025-01-17T17:00:47.746Z, 26.2
2025-01-17T17:00:51.352Z, 26.2
2025-01-17T17:00:54.027Z, 26.2
2025-01-17T17:00:57.269Z, 26.2
2025-01-17T17:01:00.782Z, 26.2
2025-01-17T17:01:04.726Z, 26.2
2025-01-17T17:01:08.663Z, 26.2
2025-01-17T17:01:11.576Z, 26.2
2025-01-17T17:01:15.756Z, 26.2
2025-01-17T17:01:18.342Z, 26.2
2025-01-17T17:01:21.515Z, 26.2
2025-01-17T17:01:24.711Z, 26.2
2025-01-17T17:01:28.248Z, 26.2
2025-01-17T17:01:31.643Z, 26.2
2025-01-17T17:01:35.094Z, 26.2
2025-01-17T17:01:38.864Z, 26.2
2025-01-17T17:01:42.055Z, 26.2
2025-01-17T17:01:45.080Z, 26.2
2025-01-17T17:01:47.747Z, 26.2
2025-01-17T17:01:50.444Z, 26.2
2025-01-17T17:01:52.975Z, 26.2
2025-01-17T17:01:55.735Z, 26.2
2025-01-17T17:01:58.326Z, 26.2
2025-01-17T17:02:01.657Z, 26.2
2025-01-17T17:02:04.642Z, 26.2
2025-01-17T17:02:06.858Z, 26.2
2025-01-17T17:02:09.327Z, 26.2
2025-01-17T17:02:12.954Z, 26.2
2025-01-17T17:02:14.965Z, 26.2
2025-01-17T17:02:17.483Z, 26.2
2025-01-17T17:02:20.870Z, 26.2
2025-01-17T17:02:23.859Z, 26.2
2025-01-17T17:02:26.557Z, 26.2
2025-01-17T17:02:29.225Z, 26.2
2025-01-17T17:02:32.711Z, 26.2
2025-01-17T17:02:38.807Z, 26.2
2025-01-17T17:02:45.780Z, 26.2
2025-01-17T17:02:50.662Z, 26.2
2025-01-17T17:02:55.010Z, 26.2
2025-01-17T17:02:59.202Z, 26.2
2025-01-17T17:03:03.180Z, 26.2
2025-01-17T17:03:06.838Z, 26.2
2025-01-17T17:03:10.582Z, 26.2
2025-01-17T17:03:14.682Z, 26.2
2025-01-17T17:03:18.058Z, 26.2
2025-01-17T17:03:33.755Z, 26.2
2025-01-17T17:03:37.373Z, 26.2
2025-01-17T17:03:41.350Z, 26.2
2025-01-17T17:03:45.229Z, 26.2
2025-01-17T17:03:48.729Z, 26.2
2025-01-17T17:03:52.746Z, 26.2
2025-01-17T17:03:56.424Z, 26.2
2025-01-17T17:04:00.059Z, 26.2
2025-01-17T17:04:03.994Z, 26.2
2025-01-17T17:04:08.377Z, 26.2
2025-01-17T17:04:11.994Z, 26.2
2025-01-17T17:04:15.566Z, 26.2
2025-01-17T17:04:19.676Z, 26.2
2025-01-17T17:04:23.850Z, 26.2
2025-01-17T17:04:27.568Z, 26.2
2025-01-17T17:04:30.976Z, 26.2
2025-01-17T17:04:34.997Z, 26.2
2025-01-17T17:04:38.872Z, 26.2
2025-01-17T17:04:42.708Z, 26.2
2025-01-17T17:04:46.314Z, 26.2
2025-01-17T17:04:49.776Z, 26.2
2025-01-17T17:04:53.195Z, 26.2
2025-01-17T17:04:56.868Z, 26.2
2025-01-17T17:04:59.895Z, 26.2
2025-01-17T17:05:03.053Z, 26.2
2025-01-17T17:05:06.498Z, 26.2
2025-01-17T17:05:09.513Z, 26.2
2025-01-17T17:05:12.010Z, 26.2
2025-01-17T17:05:14.774Z, 26.2
2025-01-17T17:05:18.850Z, 26.2
2025-01-17T17:05:22.278Z, 26.2
2025-01-17T17:05:25.627Z, 26.2
2025-01-17T17:05:28.887Z, 26.2
2025-01-17T17:05:32.071Z, 26.2
2025-01-17T17:05:35.480Z, 26.2
2025-01-17T17:05:38.973Z, 26.2
2025-01-17T17:05:42.461Z, 26.2
2025-01-17T17:05:45.598Z, 26.2
2025-01-17T17:05:48.702Z, 26.2
2025-01-17T17:05:51.792Z, 26.2
2025-01-17T17:05:55.153Z, 26.2
2025-01-17T17:05:58.820Z, 26.2
2025-01-17T17:06:02.016Z, 26.2
2025-01-17T17:06:05.158Z, 26.2
2025-01-17T17:06:08.962Z, 26.2
2025-01-17T17:06:14.004Z, 26.2
2025-01-17T17:06:21.250Z, 26.2
2025-01-17T17:06:27.523Z, 26.2
2025-01-17T17:06:32.716Z, 26.2
2025-01-17T17:06:36.314Z, 26.2
2025-01-17T17:06:39.989Z, 26.2
2025-01-17T17:06:43.253Z, 26.2
2025-01-17T17:06:46.391Z, 26.2
2025-01-17T17:06:49.548Z, 26.2
2025-01-17T17:06:52.967Z, 26.2
2025-01-17T17:06:56.154Z, 26.2
2025-01-17T17:06:59.566Z, 26.2
2025-01-17T17:07:02.817Z, 26.2
2025-01-17T17:07:06.363Z, 26.2
2025-01-17T17:07:09.421Z, 26.2
2025-01-17T17:07:12.838Z, 26.2
2025-01-17T17:07:16.186Z, 26.2
2025-01-17T17:07:19.718Z, 26.2
2025-01-17T17:07:23.791Z, 26.2
2025-01-17T17:07:28.093Z, 26.2
2025-01-17T17:07:32.511Z, 26.2
2025-01-17T17:07:35.917Z, 26.2
2025-01-17T17:07:39.164Z, 26.2
2025-01-17T17:07:42.790Z, 26.2
2025-01-17T17:07:46.206Z, 26.2
2025-01-17T17:07:49.536Z, 26.2
2025-01-17T17:07:52.596Z, 26.2
2025-01-17T17:07:56.452Z, 26.2
2025-01-17T17:07:59.384Z, 26.2
2025-01-17T17:08:02.552Z, 26.2
2025-01-17T17:08:05.747Z, 26.2
2025-01-17T17:08:11.196Z, 26.2
2025-01-17T17:08:14.243Z, 26.2
2025-01-17T17:08:17.570Z, 26.2
2025-01-17T17:08:21.630Z, 26.2
2025-01-17T17:08:25.658Z, 26.2
2025-01-17T17:08:28.769Z, 26.2
2025-01-17T17:08:32.237Z, 26.2
2025-01-17T17:08:35.616Z, 26.2
2025-01-17T17:08:39.327Z, 26.2
2025-01-17T17:08:42.340Z, 26.2
2025-01-17T17:08:46.245Z, 26.2
2025-01-17T17:08:49.011Z, 26.2
2025-01-17T17:08:52.052Z, 26.2
2025-01-17T17:08:55.460Z, 26.2
2025-01-17T17:08:58.446Z, 26.2
2025-01-17T17:09:01.292Z, 26.2
2025-01-17T17:09:03.722Z, 26.2
2025-01-17T17:09:06.608Z, 26.2
2025-01-17T17:09:09.140Z, 26.2
2025-01-17T17:09:12.136Z, 26.2
2025-01-17T17:09:15.433Z, 26.2
2025-01-17T17:09:18.188Z, 26.2
2025-01-17T17:09:20.140Z, 26.2
2025-01-17T17:09:22.810Z, 26.2
2025-01-17T17:09:25.314Z, 26.2
2025-01-17T17:09:27.918Z, 26.2
2025-01-17T17:09:31.074Z, 26.2
2025-01-17T17:09:34.223Z, 26.2
2025-01-17T17:09:36.627Z, 26.2
2025-01-17T17:09:39.211Z, 26.2
2025-01-17T17:09:41.679Z, 26.2
2025-01-17T17:09:44.355Z, 26.2
2025-01-17T17:09:46.974Z, 26.2
2025-01-17T17:09:49.542Z, 26.2
2025-01-17T17:09:52.071Z, 26.2
2025-01-17T17:09:54.746Z, 26.2
2025-01-17T17:09:58.692Z, 26.2
2025-01-17T17:10:01.342Z, 26.2
2025-01-17T17:10:04.121Z, 26.2
2025-01-17T17:10:06.736Z, 26.2
2025-01-17T17:10:09.860Z, 26.2
2025-01-17T17:10:13.558Z, 26.2
2025-01-17T17:10:17.549Z, 26.2
2025-01-17T17:10:21.129Z, 26.2
2025-01-17T17:10:25.129Z, 26.2
2025-01-17T17:10:28.497Z, 26.2
2025-01-17T17:10:32.345Z, 26.2
2025-01-17T17:10:36.105Z, 26.2
2025-01-17T17:10:44.012Z, 26.2
2025-01-17T17:10:48.794Z, 26.2
2025-01-17T17:10:54.006Z, 26.2
2025-01-17T17:10:57.185Z, 26.2
2025-01-17T17:11:02.363Z, 26.2
2025-01-17T22:05:36.639Z, 26.2
2025-01-17T22:05:39.066Z, 26.2
2025-01-17T22:05:41.592Z, 26.2
2025-01-17T22:05:43.944Z, 26.2
2025-01-17T22:05:46.467Z, 26.2
2025-01-17T22:06:04.864Z, 26.2
2025-01-17T22:06:15.279Z, 26.2
2025-01-17T22:09:54.063Z, 26.2
2025-01-17T22:09:56.785Z, 26.2
2025-01-17T22:09:59.245Z, 26.2
2025-01-17T22:10:02.023Z, 26.2
2025-01-17T22:17:50.059Z, 20.2
2025-01-17T22:22:01.326Z, 52
2025-01-17T22:22:04.006Z, 52
2025-01-17T22:25:20.447Z, 25.1
2025-01-17T22:25:22.896Z, 25.1
2025-01-17T22:27:22.078Z, 25.1
2025-01-17T23:23:06.296Z, -23
2025-01-17T23:29:04.284Z, -13.8
2025-01-17T23:29:07.008Z, -13.8
2025-01-17T23:29:10.731Z, -2.5
2025-01-17T23:29:14.606Z, -2.5
2025-01-17T23:29:18.699Z, 15.9
2025-01-17T23:29:22.056Z, 15.9
2025-01-17T23:29:25.703Z, 28
2025-01-17T23:29:28.746Z, 28
2025-01-17T23:29:31.543Z, 40.7
2025-01-17T23:29:34.447Z, 40.7
2025-01-17T23:32:55.129Z, -27.3
2025-01-17T23:41:42.261Z, 38.6
2025-01-17T23:42:47.965Z, -0.4
2025-01-17T23:42:50.730Z, -0.4
2025-01-17T23:47:55.208Z, 25.8
2025-01-17T23:47:57.579Z, 25.8
2025-01-17T23:48:00.289Z, -14.5
2025-01-17T23:48:03.078Z, -14.5
2025-01-17T23:48:06.106Z, -16.6
2025-01-17T23:48:09.036Z, -16.6
2025-01-18T00:11:21.686Z, -0.4
2025-01-18T00:11:25.008Z, -0.4
2025-01-18T00:11:28.762Z, 36.5
2025-01-18T00:11:40.999Z, 36.5
2025-01-18T00:15:18.614Z, 38.6
2025-01-18T00:19:00.536Z, 2.5
2025-01-18T00:19:06.896Z, 2.5
2025-01-18T00:25:45.971Z, 69.7
2025-01-18T00:25:59.666Z, 69.7
2025-01-18T00:26:09.435Z, 28.7
2025-01-18T00:26:56.396Z, -21.6
2025-01-18T00:29:41.384Z, 61.2
2025-01-18T00:29:43.701Z, 61.2
2025-01-18T00:29:46.335Z, -20.9
2025-01-18T00:29:48.829Z, -20.9
2025-01-18T00:29:51.312Z, -20.9
2025-01-18T00:29:53.806Z, -20.9
2025-01-18T00:29:56.328Z, -20.9
2025-01-18T00:29:58.798Z, -20.9
2025-01-18T00:30:01.370Z, -20.9
2025-01-18T00:30:03.838Z, -20.9
2025-01-18T00:30:06.319Z, 23.7
2025-01-18T00:30:08.819Z, 23.7
2025-01-18T00:30:12.276Z, 14.5
2025-01-18T00:30:15.267Z, 14.5
2025-01-18T00:30:18.835Z, 39.3
2025-01-18T00:30:27.037Z, 39.3
2025-01-18T07:25:40.468Z, 80
2025-01-18T07:25:52.806Z, 80
2025-01-18T07:26:06.432Z, 80
2025-01-18T07:26:19.001Z, 80
2025-01-18T08:10:08.799Z, 18.8
2025-01-18T08:10:11.739Z, 18.8
2025-01-18T08:10:15.100Z, 34.3
2025-01-18T08:10:18.463Z, 34.3
2025-01-18T08:19:23.807Z, 26.2
2025-01-18T08:19:26.082Z, 26.2
2025-01-18T08:19:28.991Z, 26.2
2025-01-18T08:19:31.468Z, 26.2
2025-01-18T08:19:34.514Z, 26.2
2025-01-18T08:19:37.487Z, 26.2
2025-01-18T08:19:40.623Z, 66.2
2025-01-18T08:19:43.432Z, 66.2
2025-01-18T08:19:46.045Z, 4.6
2025-01-18T08:19:48.594Z, 4.6
2025-01-18T08:19:51.417Z, 4.6
2025-01-18T08:19:54.121Z, 4.6
2025-01-18T08:19:56.963Z, -20.9
2025-01-18T08:19:59.580Z, -20.9
2025-01-18T08:20:13.838Z, -20.9
2025-01-18T08:21:16.005Z, -3.2
2025-01-18T08:21:18.295Z, -3.2
2025-01-18T08:21:24.514Z, 38.6
2025-01-18T08:21:29.760Z, 38.6
2025-01-18T08:21:32.879Z, 12.4
2025-01-18T14:33:24.898Z, 12.4
2025-01-18T14:33:26.885Z, 12.4
2025-01-18T14:33:29.207Z, 12.4
2025-01-18T14:33:31.435Z, 12.4
2025-01-18T14:33:38.360Z, 12.4
2025-01-18T14:33:41.637Z, 12.4
2025-01-18T14:33:44.485Z, 52.7
2025-01-18T14:33:47.879Z, 52.7
2025-01-18T14:33:51.373Z, 70.4
2025-01-18T14:33:54.554Z, 70.4
2025-01-18T14:33:57.849Z, 70.4
2025-01-18T14:34:01.057Z, 70.4
2025-01-18T14:34:04.297Z, 70.4
2025-01-18T14:34:07.616Z, 70.4
2025-01-18T14:47:32.039Z, 35.8
2025-01-18T14:47:34.305Z, 35.8
2025-01-18T14:47:36.864Z, 35.8
2025-01-18T14:47:39.078Z, 35.8
2025-01-18T14:47:41.544Z, 35.8
2025-01-18T14:47:44.022Z, 35.8
2025-01-18T14:47:47.137Z, 35.8
2025-01-18T14:47:50.570Z, 35.8
2025-01-18T14:47:53.441Z, 35.8
2025-01-18T14:47:55.971Z, 35.8
2025-01-18T14:47:58.632Z, 35.8
2025-01-18T14:48:01.460Z, 35.8
2025-01-18T14:48:04.088Z, 35.8
2025-01-18T14:48:07.260Z, 35.8
2025-01-18T14:48:10.601Z, 35.8
2025-01-18T14:48:13.323Z, 35.8
2025-01-18T14:48:16.348Z, 44.2
2025-01-18T14:48:18.858Z, 44.2
2025-01-18T14:48:21.843Z, -25.8
2025-01-18T14:48:25.334Z, -25.8
2025-01-18T14:48:27.773Z, -33.6
2025-01-18T14:48:30.458Z, -33.6
2025-01-18T14:48:33.404Z, -33.6
2025-01-18T14:48:36.082Z, -33.6
2025-01-18T14:48:39.007Z, -33.6
2025-01-18T14:48:41.694Z, -33.6
2025-01-18T14:48:44.597Z, -33.6
2025-01-18T14:48:47.233Z, -33.6
2025-01-18T14:48:50.236Z, -33.6
2025-01-18T21:43:42.440Z, 0
2025-01-18T21:43:48.644Z, 0
2025-01-18T21:43:57.433Z, 0
2025-01-18T21:44:03.816Z, 0
2025-01-18T21:44:20.681Z, 0
2025-01-18T21:44:27.017Z, 0
2025-01-18T21:44:35.992Z, 0
2025-01-18T21:44:42.485Z, 0
2025-01-18T21:44:51.473Z, 0
2025-01-18T21:44:58.631Z, 0
2025-01-18T21:45:09.973Z, 0
2025-01-18T21:45:17.318Z, 0
2025-01-18T21:45:26.366Z, 0
2025-01-18T21:45:32.877Z, 0
2025-01-18T21:45:41.992Z, 0
2025-01-18T21:45:47.833Z, 0
2025-01-18T21:45:56.030Z, 0
2025-01-18T21:46:01.991Z, 0
2025-01-18T21:46:10.529Z, 0
2025-01-18T21:46:17.416Z, 0
2025-01-18T21:46:26.313Z, 0
2025-01-18T21:46:32.567Z, 0
2025-01-18T21:46:41.164Z, 0
2025-01-18T21:46:47.436Z, 0
2025-01-18T21:46:55.753Z, 0
2025-01-18T21:47:02.021Z, 0
2025-01-18T21:47:11.074Z, 0
2025-01-18T21:47:17.681Z, 0
2025-01-18T21:47:38.333Z, 0
2025-01-18T21:47:44.884Z, 0
2025-01-18T21:47:54.606Z, 0
2025-01-18T21:48:01.682Z, 0
2025-01-18T21:48:30.224Z, 0
2025-01-18T21:49:27.511Z, 0
2025-01-18T21:49:35.090Z, 0
2025-01-18T21:49:40.468Z, 0
2025-01-18T21:49:48.095Z, 0
2025-01-18T21:49:53.335Z, 0
2025-01-18T21:50:00.680Z, 0
2025-01-18T21:50:06.024Z, 0
2025-01-18T21:50:13.470Z, 0
2025-01-18T21:50:18.805Z, 0
2025-01-18T21:50:26.150Z, 0
2025-01-18T21:50:31.509Z, 0
2025-01-18T21:50:38.853Z, 0
2025-01-18T21:50:44.475Z, 0
2025-01-18T21:50:51.872Z, 0
2025-01-18T21:53:55.627Z, -40
2025-01-18T21:54:21.768Z, 0
2025-01-18T21:54:29.400Z, 0
2025-01-18T21:54:58.409Z, -40
2025-01-18T21:55:00.735Z, -40
2025-01-18T21:55:03.267Z, -40
2025-01-18T21:55:08.299Z, -40
2025-01-18T21:55:10.779Z, -40
2025-01-18T21:55:13.381Z, -40
2025-01-18T21:55:16.191Z, -40
2025-01-18T21:55:19.110Z, -40
2025-01-18T21:55:21.862Z, -40
2025-01-18T21:55:24.538Z, -40
2025-01-18T21:55:27.293Z, -40
2025-01-18T21:55:29.995Z, -40
2025-01-18T21:55:32.705Z, -40
2025-01-18T21:55:35.359Z, -40
2025-01-18T21:55:38.346Z, -40
2025-01-18T21:55:41.870Z, -40
2025-01-18T21:55:45.320Z, 34.3
2025-01-18T21:55:48.508Z, 34.3
2025-01-18T22:55:42.209Z, 34.3
2025-01-18T22:55:44.777Z, 34.3
2025-01-18T22:55:47.375Z, 34.3
2025-01-18T22:55:49.899Z, 34.3
2025-01-18T22:55:52.545Z, 34.3
2025-01-18T22:55:55.037Z, 34.3
2025-01-18T22:55:58.062Z, 34.3
2025-01-18T22:56:24.269Z, 34.3
2025-01-18T22:56:26.861Z, -1.1
2025-01-18T22:56:38.079Z, -1.1
2025-01-18T22:56:51.916Z, -1.1
2025-01-18T22:56:54.531Z, -1.1
2025-01-18T22:56:57.180Z, -1.1
2025-01-18T22:56:59.773Z, -1.1
2025-01-18T22:57:02.733Z, -1.1
2025-01-18T22:59:52.739Z, 26.2
2025-01-18T22:59:54.561Z, 26.2
2025-01-18T22:59:56.808Z, 26.2
2025-01-18T22:59:58.977Z, 26.2
2025-01-18T23:00:01.212Z, 26.2
2025-01-18T23:00:03.334Z, 26.2
2025-01-18T23:00:05.534Z, 26.2
2025-01-18T23:00:07.741Z, 26.2
2025-01-18T23:00:09.959Z, 26.2
2025-01-18T23:45:48.709Z, 26.2
2025-01-18T23:46:55.216Z, 26.2
2025-01-18T23:46:57.322Z, 26.2
2025-01-18T23:46:59.422Z, 26.2
2025-01-18T23:47:01.650Z, 26.2
2025-01-18T23:47:03.786Z, 26.2
2025-01-18T23:47:06.005Z, 26.2
2025-01-18T23:47:08.169Z, 26.2
2025-01-18T23:47:10.298Z, 26.2
2025-01-18T23:47:12.437Z, 26.2
2025-01-19T12:18:42.830Z, 0
2025-01-19T12:18:48.656Z, 0
2025-01-19T12:18:58.500Z, 0
2025-01-19T12:19:04.487Z, 0
